title,price,area,address,floors,bedrooms,description
"Chủ Hàn Quốc cần bán Gấp Dự án: The Sun Mễ Trì DT 99m2, tk  3 ngủ 2 vs ,tầng trung đủ đồ.",Giá: 92 tỷ,Diện tích: 99 m²,"Đường Mễ Trì,
                                    Phường Từ Liêm,
                                    Hà Nội",16 tầng,3 phòng ngủ,"Chủ Hàn Quốc cần bán Gấp Dự án: The Sun Mễ Trì
Tầng trung
Diện tích: 99m2, 3ngủ 2vs phòng khách và bếp. có tầng hầm gửi xe,tầng 1 là siêu thị và quán cà phê, tầng 4 bể bơi 4 mùa,
Nội thất: full đồ, 
Pháp lý: sẵn sổ
......  << Xem chi tiết >>"
Bán căn hộ toà nhà CT3-1. đô thị Mễ Trì Hạ đối diện keangnam đường Phạm Hùng.  DT 98m2.,Giá: 70 triệu / m²,Diện tích: 98 m²,"Đường Mễ Trì Hạ,
                                    Phường Từ Liêm,
                                    Hà Nội",3 tầng,2 phòng ngủ,"Bán căn hộ toà nhà CT3-1. đô thị Mễ Trì Hạ đối diện keangnam đường Phạm Hùng. 
Diện tích : 98m2.
Thiết kế 2 ngủ, 2 vs. đầy đủ nội thất.
Căn góc 2 ban công hướng Đông Nam và Tây Nam,
Gần bến xe bus đi lại thuận tiện g......  << Xem chi tiết >>"
"Bán chung cư Trung Yên Plaza - Số 1 Trung Hoà - DT 85m, 2 ngủ, slot ô tô","Giá: 10,2 tỷ",Diện tích: 85 m²,"Đường Trung Hòa,
                                    Phường Yên Hòa,
                                    Hà Nội",8 tầng,2 phòng ngủ,"- Vị trí trung tâm số 1 Trung hoà kết nối vành đai 2.5, Trần duy hưng
-  Căn hộ Diện tích 85m, 2PN, 1 khách, 1 bếp, 2 vệ sinh, thiết kế rộng thoáng, tầng trung ở cực dễ chịu. 
- Có slot gửi ô tô hầm, tiện ích đầy đủ dư......  << Xem chi tiết >>"
"🏡 BÁN CĂN HỘ TẬP THỂ THÀNH CÔNG – GIẢNG VÕ, HÀ NỘI","Giá: 5,5 tỷ",Diện tích: 43 m²,"Phố Nguyên Hồng,
                                    Phường Giảng Võ,
                                    Hà Nội",,,"🏡 BÁN CĂN HỘ TẬP THỂ THÀNH CÔNG – GIẢNG VÕ, HÀ NỘI
✨ Nhà đầu hồi – 2 ban công thoáng mát – vị trí trung tâm cực tiện sinh hoạt
📐 Diện tích sổ đỏ: 43m²
📏 Diện tích sử dụng thực tế: khoảng 70m²
🌤 Nhà đầu hồi, 2 ban......  << Xem chi tiết >>"
Vốn chỉ từ 800tr (30%) sở hữu căn hộ 5 sao Trung Tâm Hoà Lạc. Dòng căn hộ cao cấp,"Giá: 1,8 tỷ",Diện tích: 85 m²,"Đại lộ Thăng Long,
                                    Xã Yên Bài,
                                    Hà Nội",16 tầng,2 phòng ngủ,"Vốn chỉ từ 800tr (30%) sở hữu căn hộ 5* Trung Tâm Hoà Lạc. Dòng căn hộ cao cấp dành cho giới tinh hoa: chuyên gia, kỹ sư, giảng viên,...Nằm sát Đại Học Quốc Gia, Khu CNC Hoà Lạc và Metro5 chạy qua, tiềm năng sinh lời cực......  << Xem chi tiết >>"
Bán căn hộ tầng 1 tại khu tổ hợp 16 Láng Hạ - Đống Đa - HN,Giá: 10 tỷ,Diện tích: 57 m²,"Đường Láng Hạ,
                                    Phường Láng,
                                    Hà Nội",1 tầng,1 phòng ngủ,"Bán căn hộ tầng 1 tại khu tổ hợp 16 Láng Hạ - Đống Đa - HN.

Diện tích khoảng 57m²: 1 khách, 1 ngủ, 1 bếp, 1 wc. Căn hộ có thiết kế đẹp, hiện đại, sang trọng.
Vị trí: Sát hồ Thành Công, vị trí trung tâm, đi lại thuận ......  << Xem chi tiết >>"
BÁN CĂN HỘ - CAO CẤP VÍP - TOÀ AQUA  CENTREL- YÊN PHỤ - BA ĐÌNH - 500M - 99 TỶ,Giá: 99 tỷ,Diện tích: 500 m²,"Đường Yên Phụ,
                                    Phường Ba Đình,
                                    Hà Nội",3 tầng,4 phòng ngủ,"BÁN CĂN HỘ - CAO CẤP VÍP - TOÀ AQUA  CENTREL- YÊN PHỤ - BA ĐÌNH - 500M - 99 TỶ

- CƯC HIẾM -  CĂN HỘ - PENTHOUSES ĐẰNG CẤP  - NỘI THẤT TRIỆU ĐÔ - TOÀ HIẾM NHÀ BÁN,

SỔ ĐỎ CHÍNH CHỦ
LH :

Mô tả:,, Tên dự án: HANOI ......  << Xem chi tiết >>"
🔥 CHUNG CƯ ĐẸP NHƯ KHÁCH SẠN 5 SAO – FULL NỘI THẤT CAO CẤP – 2PN 2WC – Ở NGAY 🔥,"Giá: 4,75 tỷ",Diện tích: 72 m²,"Đường Đức Giang,
                                    Phường Việt Hưng,
                                    Hà Nội",11 tầng,2 phòng ngủ,"🏡 Diện tích 72m² tim tường, 66,12m² thông thủy 🛏️ Thiết kế 2 phòng ngủ – 2 WC 🌟 Nội thất cao cấp đồng bộ: sofa sang trọng, tủ lạnh 2 cánh, máy rửa bát, TV màn hình lớn, điều hòa, giường tủ gỗ cao cấp...
💎 Bước vào l......  << Xem chi tiết >>"
"Bán căn hộ Pentstudio Duplex 2 tầng 699 Lạc Long Quân, DT 76m, hơn 8 tỷ, ngay Lotte mall","Giá: 8,8 tỷ",Diện tích: 76 m²,"Đường Lạc Long Quân,
                                    Phường Tây Hồ,
                                    Hà Nội",10 tầng,2 phòng ngủ,"- Vị trí vàng: 	Cách Lotte Mall Tây Hồ chỉ 500m – đi bộ vài phút là tới.	Chỉ 1km tới Sen Hồ Tây & Hồ
+ Diện tích 45/76m², thiết kế Duplex 2 tầng đẳng cấp, 2 phòng ngủ, 2 vệ sinh
+ Full nội thất cao cấp, được làm lại tỉ......  << Xem chi tiết >>"
"Bán căn 98m chung cư Chelsea Park – Trần kim xuyến, hơn 10 tỷ, full nội thất đẹp","Giá: 10,3 tỷ",Diện tích: 98 m²,"Đường Trần Kim Xuyến,
                                    Phường Yên Hòa,
                                    Hà Nội",10 tầng,2 phòng ngủ,"- Chung cư Chelsea park 39 trần kim xuyến trong KDT Yên Hoà
- Khu dân trí cao, đầy đủ tiện ích: bể bơi, siêu thị, trường học…
- Diện tích 98m², thiết kế 2 phòng ngủ, 2 vệ sinh. Các phòng đều có cửa sổ thoáng sáng, view......  << Xem chi tiết >>"
Căn hộ cao cấp CC viện chiến lược Tú Mỡ - Lô góc 128m - nhỉnh 9 tỷ,"Giá: 9,6 tỷ",Diện tích: 128 m²,"Đường Tú Mỡ,
                                    Phường Yên Hòa,
                                    Hà Nội",,3 phòng ngủ,"- CHCC căn góc  có view đẹp, phí dịch vụ tòa nhà rất rẻ, 2 tầng hầm thoải mái để ô tô. 
- Diện tích trên sổ 128m2 chưa bao gồm 5m2 ban công, nhà cho thuê nên chỉnh lại thành 2 phòng khách mua đổi lại 3 phòng tuỳ ý. 
- ......  << Xem chi tiết >>"
"Bán căn góc 105m Green Park Dương đình nghệ, 3 ngủ 2 vệ sinh, ngay cạnh CV cầu giấy","Giá: 9,5 tỷ",Diện tích: 105 m²,"Phố Dương Đình Nghệ,
                                    Phường Cầu Giấy,
                                    Hà Nội",15 tầng,3 phòng ngủ,"- Căn hộ tại tòa Green Park Tower, 33 Dương Đình Nghệ. Ngay trung tâm cầu giấy, gần công viên, Keangnam, trường các cấp..
- Căn góc cực thoáng, chỉ việc xách vali về ở
• Diện tích: 105m2 (Thiết kế tối ưu 3PN - 2VS).
•......  << Xem chi tiết >>"
"Bán căn góc chung cư 137 nguyễn ngọc vũ, DT 77m, 2 ngủ, hơn 6 Tỷ","Giá: 6,9 tỷ",Diện tích: 77 m²,"Phố Nguyễn Ngọc Vũ,
                                    Phường Yên Hòa,
                                    Hà Nội",8 tầng,2 phòng ngủ,"Căn góc thoáng sáng với 2 mặt thoáng tự nhiên - ở luôn
 • Thiết kế gồm: phòng khách, 2 phòng ngủ, 2 nhà vệ sinh, Bếp, Ban công thoáng mát
 • Tầng trung đẹp, ở thoải mái, di chuyển thuận tiện.
 + Chủ nhà để lại toàn bộ......  << Xem chi tiết >>"
"CHÍNH CHỦ BÁN CĂN HỘ 3 PHÒNG NGỦ TẠI CHUNG CƯ NAM ĐÔ – HOÀNG MAI, HÀ NỘI","Giá: 8,35 tỷ",Diện tích: 94 m²,"Đường Trương Định,
                                    Phường Hoàng Mai,
                                    Hà Nội",15 tầng,3 phòng ngủ,"Do có nhu cầu chuyển về gần bố mẹ, gia đình cần bán căn hộ 1504 CTB (Tòa B) – Chung cư Phức hợp Nam Đô.

✨ Thông tin căn hộ:
•	Diện tích: 94,2 m²
•	Thiết kế: 3 phòng ngủ, 2 phòng vệ sinh
•	Phòng ngủ master rộng rãi,......  << Xem chi tiết >>"
🔥 PENTSTUDIO TÂY HỒ - TẦNG CAO - FULL ĐỒ 5 SAO - BÁN NHANH,"Giá: 7,6 tỷ",Diện tích: 58 m²,"Đường Lạc Long Quân,
                                    Phường Tây Hồ,
                                    Hà Nội",2 tầng,1 phòng ngủ,"Chính chủ bán PentStudio 58m2. 699 Lạc Long Quân. Sổ đỏ lâu dài.
🏢 PENTSTUDIO TÂY HỒ - DUPLEX HẠNG 5 SAO 🏢
📍 Vị trí kim cương:
- tầng cao
- 699 Lạc Long Quân, Phú Thượng, Tây Hồ
- 1 phút chân tới Lotte, 3 phút tớ......  << Xem chi tiết >>"
Cực hiếm - Căn hộ Rice City 45m2 x giá 3.45 Tỷ có TL - bay nhanh,"Giá: 3,45 tỷ",Diện tích: 45 m²,"Đường Anh Đào 10,
                                    Phường Việt Hưng,
                                    Hà Nội",1 tầng,1 phòng ngủ,"- Nhà bán gồm 1 ngủ 1 wc, tầng cao, xem bắn pháo hoa, ngắm thần kim quy.
- Chung cư Rice city nằm trên phố Gia Quất. Sát Ngọc Lâm phố cổ, phố Nguyễn Văn Cừ, Nguyễn Sơn. Vị trí đẹp gần cầu Chương Dương, cầu chui, cầu đôn......  << Xem chi tiết >>"
"Bán căn góc 3 ngủ 2 ban công thoáng sáng, hướng mát chung cư Vũ Trọng Phụng.","Giá: 8,4 tỷ",Diện tích: 109 m²,"Đường Vũ Trọng Phụng,
                                    Phường Thanh Xuân,
                                    Hà Nội",,3 phòng ngủ,"Vị trí trung tâm quận Thanh Xuân, ngay ngã ba Vũ Trọng Phụng, Quan Nhân cực sầm uất, xung quanh là nhiều trường Đại học và tuyến đường sắt trên cao di chuyển thuận tiện.
Căn hộ tầng trung thiết kế 3 ngủ 2 WC thoáng sáng......  << Xem chi tiết >>"
"Bán căn hộ Golden Land 275 Nguyễn Trãi, Toà C tầng trung, lô góc sổ 111.7m2. Giá 10.55 tỷ","Giá: 10,55 tỷ",Diện tích: 112 m²,"Đường Nguyễn Trãi,
                                    Phường Khương Đình,
                                    Hà Nội",8 tầng,3 phòng ngủ,"Mô tả:
🌺 Chính chủ cần bán Căn hộ Golden Land 275 Nguyễn Trãi toà C nằm cạnh Vinhomes Galaxy Cao Xà Lá hưởng trọn tiện ích. Vị trí cực đặc địa trung tâm Thanh Xuân.
🌺 Sổ đỏ 111.7m2 x tầng trung căn hộ góc ba mặt thoá......  << Xem chi tiết >>"
"Bán gấp căn hộ cao cấp tầng trung Toà B The Zei Lê Đức Thọ, view Hồ sổ 89m2 x Giá 10.6 tỷ","Giá: 10,6 tỷ",Diện tích: 89 m²,"Đường Lê Đức Thọ,
                                    Phường Từ Liêm,
                                    Hà Nội",16 tầng,2 phòng ngủ,"Mô tả: 
🌺 Chính chủ bán gấp căn hộ cao cấp Toà B The Zei Lê Đức Thọ vị trí khá đắc địa góc của Hàm Nghi - Nguyễn Cơ Thạch - Nguyễn Hoàng. Hạ tầng vip đồng bộ giao thoa tiện ích như Vinhomes Hàm Nghi, Sân vận động Mỹ Đì......  << Xem chi tiết >>"
"Cần bán căn góc 3 ngủ thoáng sáng chung cư viện chiến lược, vài bước ra BigC Trần Duy Hưng","Giá: 9,5 tỷ",Diện tích: 128 m²,"Đường Tú Mỡ,
                                    Phường Yên Hòa,
                                    Hà Nội",,3 phòng ngủ,"Vị trí trung tâm Quận Cầu Giấy, với rất nhiều trường điểm lớn nhỏ, vài bước chân ra BigC, an sinh đỉnh, tiện ích đủ đầy.
Nhà thiết kế cơ bản 3 ngủ 2 WC chủ mới mua về có thể thêm nội thất tuỳ ý sáng tạo theo ý mình.
Sổ......  << Xem chi tiết >>"
"Khách cần Tiền , thanh lý gấp căn hộ MT quốc lộ 13 , giá chỉ 1 tỷ 580","Giá: 1,5 tỷ / m²",Diện tích: 60 m²,"Đại Lộ 13,
                                    Phường Tăng Nhơn Phú,
                                    Hồ Chí Minh",11 tầng,2 phòng ngủ,"💥 Cần Thanh lý gấp căn hộ giá rẻ chỉ 1 tỷ 5xx 💥
🌇 
📍 mặt tiền quốc lộ 13 
🏡 Dt 50m², 2PN , 2WC , Full nội thất 
🏊 Hồ bơi tràn bờ
💪 Phòng Gym hiện đại
🔥 Khu BBQ ngoài trời
🎾 Sân tennis, bóng rổ
👨‍👩‍👧‍�......  << Xem chi tiết >>"
"Bán nhanh căn hộ cao cấp Midtown, Phú Mỹ Hưng, Quận 7","Giá: 10,3 tỷ",Diện tích: 80 m²,"Đường Nguyễn Lương Bằng,
                                    Phường Tân Hưng,
                                    Hồ Chí Minh",,2 phòng ngủ,"Bán nhanh căn hộ cao cấp Midtown, Phú Mỹ Hưng, Quận 7
- 80m²-2PN2WC
- View sông, đẹp và thoáng mát
- Ô đậu xe , nhà đang có hợp đồng thuê dài hạn ổn định, view sông và nhìn đài full nước
- Sẵn pass, thẻ xem nhà ngay......  << Xem chi tiết >>"
BÁN CĂN SHOHOUSE CHUNG CƯ EHOME3 KHU DÂN CƯ NAM LONG BÌNH TÂN,"Giá: 3,6 tỷ",Diện tích: 45 m²,"Đường Võ Văn Kiệt,
                                    Phường An Lạc,
                                    Hồ Chí Minh",,1 phòng ngủ,"Shophouse mặt tiền chung cư Ehome3 Khu dân cư Nam Long, đường Hồ Ngọc Lãm sát Võ Văn Kiệt, An Lạc - Bình Tân thuận tiện ở và kinh doanh.
DT 6x7,5m, 45,3m2 SHR
Mặt trước đường rộng và công viên trung tâm thoáng mát.
Ch......  << Xem chi tiết >>"
"Chỉ 2.2 Tỷ - Bán Căn Hộ Cao Cấp Vinhomes Grand Park Nguyễn Xiển, Sổ riêng, cho thuê 6tr","Giá: 2,2 tỷ",Diện tích: 31 m²,"Đường Nguyễn Xiển,
                                    Phường Long Bình,
                                    Hồ Chí Minh",24 tầng,1 phòng ngủ,"🔥Vinhomes Grand Park - NGUYỄN XIỂN QUẬN 9- ĐẲNG CẤP SỐNG GIỚI THƯỢNG LƯU - ĐẦY ĐỦ TIỆN ÍCH. VINHOMES - VINMART - VINSCHOOL - VINMEC - VINCOM …
👉 CHỈ 2.2 TỶ SỞ HỮU NGAY CĂN STUDIO VIEW ĐẸP - TẶNG FULL NỘI THẤT MỚI CAO ......  << Xem chi tiết >>"
"🏡 BÁN CĂN GÓC SUNRISE RIVERSIDE – VIEW HỒ BƠI ĐẸP, 3PN, SỔ HỒNG RIÊNG","Giá: 7,2 tỷ",Diện tích: 94 m²,"Đường Nguyễn Hữu Thọ,
                                    Xã Nhà Bè,
                                    Hồ Chí Minh",3 tầng,3 phòng ngủ,"✨ Căn hộ góc sở hữu vị trí đẹp, không gian thoáng đãng, đón gió tự nhiên, phù hợp cho gia đình ở hoặc đầu tư cho thuê.

📌 Thông tin căn hộ:
 • Diện tích: 94m²
 • Thiết kế: 3 phòng ngủ – 2 nhà vệ sinh
 • Căn góc, tố......  << Xem chi tiết >>"
"🏡 BÁN CĂN HỘ SUNRISE RIVERSIDE – 2PN, SỔ HỒNG RIÊNG, VIEW ĐÔNG MÁT MẺ","Giá: 5,4 tỷ",Diện tích: 70 m²,"Đường Nguyễn Hữu Thọ,
                                    Xã Nhà Bè,
                                    Hồ Chí Minh",14 tầng,2 phòng ngủ,"✨ Cơ hội sở hữu căn hộ đẹp tại dự án Sunrise Riverside với thiết kế tối ưu, nội thất đầy đủ, chỉ cần xách vali vào ở.

📌 Thông tin căn hộ:
 • Diện tích: 70m²
 • Thiết kế: 2 phòng ngủ – 2 nhà vệ sinh
 • Block C
 • ......  << Xem chi tiết >>"
"Bán nhanh căn hộ cao cấp Stahill, Phú Mỹ Hưng, Tân Mỹ","Giá: 11,2 tỷ",Diện tích: 112 m²,"Đường Số 10,
                                    Phường Tân Mỹ,
                                    Hồ Chí Minh",,3 phòng ngủ,"Chuyển nhượng gấp căn hộ cao cấp StarHill, Phú Mỹ Hưng, Tân Mỹ.
Diện tích: 112m², góc view Quận 1.
Thiết kế: 2PN - 1LV - 2WC.
Nội thất: Full.
Bán giá: 11,2 tỷ.
Pháp lý: Sổ hồng.
Nhà đang trống, xem dễ nhé, khu trun......  << Xem chi tiết >>"
"Bán gấp căn hộ 2PN 2WC tầng thấp Fresca Riverside Bình Chiểu. Giá 2,895 tỷ hỗ trợ vay","Giá: 2,895 tỷ",Diện tích: 70 m²,"Đường Ngô Chí Quốc,
                                    Phường Tam Bình,
                                    Hồ Chí Minh",,2 phòng ngủ,"Bán gấp căn hộ tầng thấp chung cư Fresca Riverside Bình Chiểu, TP. Thủ Đức, nhà có nội thất, giá tốt nhất

+ DT: 70m2 gần 70m2 2PN 2WC ban công view hồ bơi.
+ Nhà mới đẹp, đang cho thuê có thể cho thuê lại hoặc vào ở ......  << Xem chi tiết >>"
"CH TẦNG TRỆT, LÔ GÓC, SỔ ĐẸP - CX LÝ THƯỜNG KIỆT - 3.1X5.5(DTSD 34.2M2), 2TẦNG - 2.3TỶ","Giá: 2,3 tỷ",Diện tích: 17 m²,"Đường Lý Thường Kiệt,
                                    Phường Diên Hồng,
                                    Hồ Chí Minh",2 tầng,1 phòng ngủ,"CH TẦNG TRỆT, LÔ GÓC, SỔ ĐẸP - CX LÝ THƯỜNG KIỆT - 3.1X5.5(DTSD 34.2M2), 2TẦNG - 2.3TỶ
❇️ Kết cấu BTCT: 1trệt 1lửng, sân trước nhà 5M có thể KD buôn bán đc.
❇️ Khu KD nhộn nhịp, hẻm rộng rãi thông tứ tung và cách vài b......  << Xem chi tiết >>"
"Bán căn hộ khang gia chưa ra sổ , 77n, giá 2,350 tỷ","Giá: 2,35 tỷ",Diện tích: 77 m²,"Đường Phan Huy Ích,
                                    Phường An Hội Tây,
                                    Hồ Chí Minh",5 tầng,2 phòng ngủ,"BÁN CĂN HỘ : 77m - giá 2,350 tỷ
Gọi :  dẫn xem nhà. 
Bán căn hộ khang gia , ĐS 45 , F14 , Gò Vấp củ 
Diện tích : 77m2 = 2PN.2WC 
Bán nhà có nội thất 
View đẹp, thoáng mát nhà sạch đẹp y như hình chụp 
Hướng bankong......  << Xem chi tiết >>"
"Bán gấp chung cư Mỹ Đức Bình Thạnh 3PN DT 106m giá 6ty200tr nội thất đẹp, lầu cao","Giá: 6,2 tỷ",Diện tích: 106 m²,"Đường Xô Viết Nghệ Tĩnh,
                                    Phường Thạnh Mỹ Tây,
                                    Hồ Chí Minh",,,"Bán chung cư Mỹ Đức Xô Viết Nghệ Tĩnh, Bình Thạnh
- DT: 106m² - 03 phòng ngủ - 6.200 Tỷ - Nhà đẹp, tặng nội thất. Nắng sáng.
- DT: 115m² - 03 phòng ngủ - 6.850 tỷ, căn góc, Nắng sáng đầy đủ
- Thuận tiện cho việc đi lạ......  << Xem chi tiết >>"
"CĂN GÓC SỐNG CỰC CHẤT – 147M² -3PN- SAIGON AIRPORT PLAZA, TÂN BÌNH - 11,4 TỶ","Giá: 11,4 tỷ",Diện tích: 147 m²,"Đường Bạch Đằng,
                                    Phường Tân Sơn Hòa,
                                    Hồ Chí Minh",3 tầng,3 phòng ngủ,"CĂN GÓC SIÊU HIẾM – 147M² TẠI SAIGON AIRPORT PLAZA, TÂN BÌNH 🔥
📍 Vị trí vàng: Bạch Đằng, P.2, Q. Tân Bình
✈️ Chỉ vài phút đến sân bay Tân Sơn Nhất – thuận tiện di chuyển, giá trị khai thác cao
✨ Thông tin nổi bật:
......  << Xem chi tiết >>"
"Căn hộ quận 5 gần các bệnh viện Chợ Rẫy, Y Dược. Ngay góc 3 mặt tiền. Sẵn nhà.Cho thuê dễ","Giá: 5,9 tỷ",Diện tích: 53 m²,"Đường Tân Thành,
                                    Phường Chợ Lớn,
                                    Hồ Chí Minh",23 tầng,2 phòng ngủ,". Giữa lòng Quận 5 – nơi mỗi con phố đều mang giá trị thương mại, Legacy 66 xuất hiện như một lựa chọn hiếm hoi dành cho những người vừa muốn an cư, vừa muốn giữ tài sản sinh lời lâu dài.

. Tọa lạc tại trục đường Tân ......  << Xem chi tiết >>"
"Cần bán căn hộ chung cư Khánh Hội 1, 360C Bến Vân Đồn, Phường 1, Quận 4 Củ, Nay","Giá: 4,8 tỷ",Diện tích: 82 m²,"Đường Bến Vân Đồn,
                                    Phường Vĩnh Hội,
                                    Hồ Chí Minh",2 tầng,2 phòng ngủ,"Cần bán căn hộ chung cư Khánh Hội 1, 360C Bến Vân Đồn, Phường 1, Quận 4 Củ, Nay là phường Vĩnh Hội TP.HCM, diện tích 82m2, 2 phòng ngủ, 1 nhà vệ sinh view  thoáng mát, giá 4,8 tỷ.(Chốt nhanh cho khách thiện chí).LH TIẾN......  << Xem chi tiết >>"
Bán CHDV mặt tiền đường Lê Đức Thọ P 7 dt 4x19 với 5 lầu 20p,Giá: 28 tỷ,Diện tích: 76 m²,"Đường Lê Đức Thọ,
                                    Phường Hạnh Thông,
                                    Hồ Chí Minh",5 tầng,20 phòng ngủ,"💣Bán CHDV Lê đức thọ phường 7 gò vấp 

☘️dt :4x 19  nhà góc 3 mặt tiền

Nhà xây mới, có đua ban công, nhà gồm hầm để xe, trệt kinh doanh cafe, 5 tầng, tầng 4 phòng, tổng 20 phòng, đường trước nhà và bên hông rộng 10......  << Xem chi tiết >>"
"Chung cư Thạch Thị Thanh, QUẬN 1, 5.5 x 12 m (50 m2), giá 4 tỷ",Giá: 4 tỷ,Diện tích: 50 m²,"Đường Thạch Thị Thanh,
                                    Phường Tân Định,
                                    Hồ Chí Minh",1 tầng,1 phòng ngủ,"Chung cư Thạch Thị Thanh, QUẬN 1, (thông ra Võ Thị Sáu), đối diện Công viên Lê Văn Tám, giá 4 tỷ

💎 𝐃𝐈Ệ𝐍 𝐓Í𝐂𝐇 50 m2 :   3 (nở hậu 5.5) x 12 m
 
🔺 𝐊𝐄̂́𝐓 𝐂𝐀̂́𝐔:
   - Nhà nở hậu, rộng thoáng, có lối đi ri......  << Xem chi tiết >>"
"Bán Chung cư Nguyễn Thiện Thuật, QUẬN 3, hẻm Xe hơi, giá 2.4 tỷ","Giá: 2,4 tỷ",Diện tích: 36 m²,"Đường Nguyễn Thiện Thuật,
                                    Phường Bàn Cờ,
                                    Hồ Chí Minh",1 tầng,1 phòng ngủ,"Bán Chung cư Nguyễn Thiện Thuật, QUẬN 3, giá 2.4 tỷ

💎 𝐃𝐈Ệ𝐍 𝐓Í𝐂𝐇 36 m2:   3.5 x 12.5 m

🌳 𝐕Ị 𝐓𝐑Í :
   - Nhà thoáng sáng trồng cây xanh cực thích
   - Ban công trước và sau nên vô cùng mát mẻ cả năm
   -......  << Xem chi tiết >>"
BÁN CHDV P5 GÒ VẤP - NGUYỄN THÁI SƠN - ĐH VĂN LANG -THU KHÓAN 1.1 TỶ/N- 15.X TỶ,"Giá: 15,8 tỷ",Diện tích: 110 m²,"Đường Nguyễn Thái Sơn,
                                    Phường An Nhơn,
                                    Hồ Chí Minh",6 tầng,23 phòng ngủ,"⏰️⏰️⏰️CHDV CHUẨN TỪNG CENTIMET- 110M- Nở hậu 6m. HƠN 600M SÀN-7 TẦNG CÓ HẦM + THANG MÁY - 23 PHÒNG - THU NHẬP KHOÁN 90 TRIỆU/THÁNG - NGUYỄN THÁI SƠN - CẠNH BÊN ĐẠI HỌC VĂN LANG - HẺM Ô TÔ CHỈ 15.5 TỶ📣📣
✅ Đã có hợp đồn......  << Xem chi tiết >>"
"TOÀ CHDV - HẦM/8 TẦNG - NGAY CHỢ BẾN THÀNH, Q.1 - HĐT 62TR - GIÁ: 33 TỶ GIẢM VỀ 2X Tỷ",Giá: 28 tỷ,Diện tích: 78 m²,"Đường Calmette,
                                    Phường Sài Gòn,
                                    Hồ Chí Minh",8 tầng,16 phòng ngủ,"TOÀ CHDV - HẦM/8 TẦNG - NGAY CHỢ BẾN THÀNH, Q.1 - HĐT KHOÁN 62TR/THÁNG - GIÁ 33 TỶ GIẢM VỀ 2X TỶ

- Diện tích đất CN: 78m2 (5m x 16,2m) 
- Kết cấu: 8 Tầng (Hầm + Trệt + lửng + 4 Tầng + sân Thượng), Thang máy, PCCC đầy......  << Xem chi tiết >>"
Top nhà vị trí đẹp 4.5 x 16m Nguyễn Trãi Bến Thành TP.HCM,"Giá: 9,2 tỷ",Diện tích: 98 m²,"Đường Nguyễn Trãi,
                                    Phường Bến Thành,
                                    Hồ Chí Minh",1 tầng,2 phòng ngủ,"- Cần bán rẻ căn hộ tầng trệt mặt tiền thụt Nguyễn Trãi ngay ngã 6 Sài Gòn phường Bến Thành trung tâm TP.HCM, khu trí thức, an ninh, thoáng.
- Giao thông thuận tiện, ra chợ Bến Thành mất 5 phút đi bộ, gần khách sạn New ......  << Xem chi tiết >>"
Chào bán căn hộ Toà WYNDHAM SOLEIL Võ Nguyên giáp TP Đà Nẵng,"Giá: 5,05 tỷ",Diện tích: 64 m²,"Đường Võ Nguyên Giáp,
                                    Phường An Hải,
                                    Đà Nẵng",16 tầng,1 phòng ngủ,"CẦN BÁN CĂN HỘ . ĐƯỜNG VÕ NGUYÊN GIÁP TP ĐÀ NẴNG
- Vị trí: Tòa WYNDHAM SOLEIL – 4 mặt tiền hiếm (Võ Nguyên Giáp – Hồ Nghinh – Võ Văn Kiệt - Morrison)
- Diện tích: 63,5m2
- Full nội thất cao cấp – khai thác ngay
- Vie......  << Xem chi tiết >>"
Căn hộ FourS Tower Da Nang - Nhận nhà chỉ với 70% - chiết khấu lên đến 26% - HTLS 0%,"Giá: 1,7 tỷ",Diện tích: 32 m²,"Đường Minh Mạng,
                                    Phường Hòa Xuân,
                                    Đà Nẵng",20 tầng,1 phòng ngủ,"Loại hình sản phẩm: Cao tầng; gồm 4 tòa căn hộ cao 20 tầng và 2 tầng hầm
+ Căn Studio (~31m²)
+ Căn 1PN+1 (~54m²)
+ Căn 2PN (~65m²)
+ Căn 3PN (~74m²)......  << Xem chi tiết >>"
"Căn hộ 2PN Ecolife Signature Đà Nẵng - Giá chỉ từ 2,x tỷ - Sở hữu lâu dài","Giá: 2,4 tỷ",Diện tích: 66 m²,",
                                    Phường Hải Vân,
                                    Đà Nẵng",20 tầng,2 phòng ngủ,"Căn hộ 2PN Ecolife Signature Đà Nẵng - Giá chỉ từ 2,x tỷ - Sở hữu lâu dài
- Chiết khấu Early Bird 1% chỉ dành cho 100 căn đầu tiên
- Quà tặng 1 - 2 chỉ vàng 50 khách hàng cọc đầu tiên......  << Xem chi tiết >>"
"Bán căn 1PN+ sân vườn 98,2m² siêu hiếm Giá từ 2,769 tỷ Vay 70% HTLS 0%","Giá: 2,769 tỷ",Diện tích: 100 m²,"Đường Minh Mạng,
                                    Phường Hòa Xuân,
                                    Đà Nẵng",20 tầng,2 phòng ngủ,"+ Giá gốc (đã gồm VAT & KPBT): 3,632 tỷ 
+ Thanh toán theo tiến độ: 3,295 tỷ 
+ Thanh toán sớm 95%: chỉ 2,769 tỷ 
+ Thanh toán sớm 70%: chỉ 3,016 tỷ
+ Thanh toán sớm 50%: chỉ 3,130 tỷ......  << Xem chi tiết >>"
HIYORI TẦNG CAO HƯỚNG NAM VIEW PHÁO HOA - DÒNG TIỀN CAO,"Giá: 5,9 tỷ",Diện tích: 63 m²,"Đường Võ Văn Kiệt,
                                    Phường An Hải,
                                    Đà Nẵng",20 tầng,2 phòng ngủ,"DÒNG TIỀN ĐANG CHO THUÊ 21TR/THÁNG
▪️ Tầng cao thoáng mát, riêng tư
▪️ View hướng Nam cực đẹp – ngắm pháo hoa & thành phố lung linh về đêm
▪️ Ban công rộng, đón gió và ánh sáng tự nhiên
▪️ Nội thất đầy đủ, vào ở ngay......  << Xem chi tiết >>"
Cần tiên bán nhanh căn hộ Ponte tầng trung gần ngay cầu Rồng giá tốt !,"Giá: 2,68 tỷ",Diện tích: 27 m²,"Đường Trần Hưng Đạo,
                                    Phường An Hải,
                                    Đà Nẵng",30 tầng,1 phòng ngủ,"Chủ cần sang nhượng căn studio Ponte giá chỉ 2,68 tỷ !

Diện tích : 27m2.

Tầng trung.

Căn hộ nằm mặt tiền Trần Hưng Đạo, gần ngay Cầu Rồng.

Khu trung tâm nên đầy đủ tiện ích, ra biển chỉ mất 2 phút.

Gọi e c......  << Xem chi tiết >>"
"Căn góc hoa hậu 3PN siêu hiếm view trực diện sông Hàn, ngắm pháo hoa cực đỉnh tại ban công","Giá: 8,652 tỷ",Diện tích: 106 m²,"Đường Trần Hưng Đạo,
                                    Phường Sơn Trà,
                                    Đà Nẵng",30 tầng,3 phòng ngủ,"Hàng hiếm chỉ còn duy nhất 1 căn !

Căn góc 3PN view trực diện sông Hàn này được mệnh danh là căn hoa hậu của dự án, 1 sàn chỉ có duy nhất 1 căn, số lượng có hạn.

Diện tích : 106m2, được thiết kế rộng rãi cả 3 phòng......  << Xem chi tiết >>"
"Cần tiền bán gấp căn khối đế rộng, kinh doanh cực tốt tại Ori Garden","Giá: 2,8 tỷ",Diện tích: 62 m²,"Đường số 5,
                                    Phường Hải Vân,
                                    Đà Nẵng",1 tầng,2 phòng ngủ,"Chính chủ cần tiền nên bán gấp căn khối đế toà CT2 tại Ori Garden.

Diện tích : 62m2

Căn nằm ngay sảnh vào, gần với đường chính, nhận diện thương hiệu cực tốt, đảm bảo kinh doanh mặt hàng nào cũng đều rất ok !

Kh......  << Xem chi tiết >>"
"Cần bán căn hộ 2PN 63,6m2, tầng 09 Peninsula Đà Nẵng, mặt sông Hàn- Sổ đỏ lâu dài","Giá: 3,999 tỷ",Diện tích: 62 m²,"Đường Lê Văn Duyệt,
                                    Phường Sơn Trà,
                                    Đà Nẵng",14 tầng,2 phòng ngủ,"Cực hiếm - Cần bán căn hộ 2PN 61,8m2, tầng 09 Peninsula Đà Nẵng, mặt sông Hàn- Sổ đỏ lâu dài
Vị trí: Toà căn hộ Peninsula nằm ngay trung tâm thành phố Đà Nẵng, mặt sông Hàn thơ mộng, công viên ven sông 5000m2 và cách bi......  << Xem chi tiết >>"
HIYORI AQUA TOWER DA NANG - CĂN HỘ BÀN GIAO THEO TIÊU CHUẨN NHẬT BẢN - CÁCH BIỂN CHỈ 300M,"Giá: 6,374 tỷ",Diện tích: 75 m²,"Đường Lê Đức Thọ,
                                    Phường Sơn Trà,
                                    Đà Nẵng",17 tầng,2 phòng ngủ,"THÔNG TIN DỰ ÁN:

+ Chủ đầu tư Aqua Tower

+ Đơn vị phát triển Sun Frontier

+ Đơn vị phân phối: Hưng Phát Corp......  << Xem chi tiết >>"
🔥 CHỈ 1 CĂN DUY NHẤT TẠI SYMPHONY 5 – GIÁ CHỈ 1tỷ x 🔥,"Giá: 1,93 tỷ",Diện tích: 30 m²,"Đường Trần Hưng Đạo,
                                    Phường An Hải,
                                    Đà Nẵng",1 tầng,1 phòng ngủ,"💎 Cơ hội sở hữu căn hộ view trực diện sông Hàn với mức giá cực tốt, hiếm có trên thị trường hiện nay.
🏢 Căn hộ Symphony 5
🌊 View sông Hàn thoáng đẹp, đón gió mát quanh năm
✨ Phù hợp để ở, nghỉ dưỡng hoặc đầu tư cho......  << Xem chi tiết >>"
"*Bán căn hộ Harmony 1 phòng ngủ, tầng cao, gần biển Phạm Văn Đồng, chỉ 3 Tỷ TL",Giá: 3 tỷ,Diện tích: 50 m²,"Đường Morrison,
                                    Phường An Hải,
                                    Đà Nẵng",1 tầng,1 phòng ngủ,"Bán căn hộ Harmony 1 phòng ngủ, gần biển Phạm Văn Đồng, Sơn Trà.
+ Diện tích: 50m2, thiết kế 1 phòng ngủ,  1 phòng khách, bếp, 1 WC ban công.
+ Không gian: Thoáng mát, bố trí thông minh, tối ưu công năng sử dụng.
+ Đã......  << Xem chi tiết >>"
"Bán Căn Hộ 2 PN The Ori Garden Đà Nẵng, Hỗ Trợ Vay 70%, Giá Rẻ Nhất Dự Án","Giá: 2,15 tỷ",Diện tích: 58 m²,"Đường Nguyễn Tất Thành,
                                    Phường Hải Vân,
                                    Đà Nẵng",15 tầng,2 phòng ngủ,"- Giá bán tốt nhất dự án, tiềm năng tăng giá cực tốt, dòng tiền khai thác ổn định.
- Diện tích: 58 m².
- 2 phòng ngủ, 2 phòng tắm, 1 nhà vệ sinh, 1 phòng khách
- Hướng view trực diện hồ......  << Xem chi tiết >>"
SIÊU PHẨM DÒNG TIỀN PHỐ TÂY AN THƯỢNG-DÒNG TIỀN 170TR/THÁNG-VỊ TRÍ ĐẮC ĐỊA,"Giá: 37,5 tỷ",Diện tích: 215 m²,"Đường Châu Thị Vĩnh Tế,
                                    Phường Ngũ Hành Sơn,
                                    Đà Nẵng",5 tầng,15 phòng ngủ,"🏨 SIÊU PHẨM DÒNG TIỀN PHỐ TÂY AN THƯỢNG – KHAI THÁC NGAY 170 TRIỆU/THÁNG 💰🔥

📍 Tọa lạc tại trung tâm phố Tây An Thượng, khu vực tập trung đông khách du lịch quốc tế, hoạt động lưu trú và dịch vụ sôi động quanh năm.......  << Xem chi tiết >>"
🔥Chỉ 6.4 Tỷ: Dòng Tiền 23Tr/Th - Trung Tâm Hải Châu - 91m2 - Kiệt 5m OTo Đậu Đỗ Ngày Đêm,"Giá: 6,4 tỷ",Diện tích: 91 m²,"Đường Trưng Nữ Vương,
                                    Phường Hòa Cường,
                                    Đà Nẵng",2 tầng,7 phòng ngủ,"🔥 GIÁ TỐT TRUNG TÂM – 7 PHÒNG – DÒNG TIỀN 23TR/THÁNG
* Vị trí Trưng Nữ Vương – trung tâm quận Hải Châu, khu dân cư đông đúc.
* Diện tích 91m² – ngang 4.56m, thông số đẹp.
* Nhà 2 tầng, gồm 7 phòng đang cho thuê.
* D......  << Xem chi tiết >>"
THE LEGEND CITY DA NANG BIỂU TƯỢNG SỐNG THƯỢNG LƯU BÊN CẦU RỒNG- CHỈ TỪ 4.6TỶ,"Giá: 4,6 tỷ",Diện tích: 40 m²,"Đường Võ Văn Kiệt,
                                    Phường An Hải,
                                    Đà Nẵng",29 tầng,1 phòng ngủ,"THE LEGEND CITY DA NANG BIỂU TƯỢNG SỐNG THƯỢNG LƯU BÊN CẦU RỒNG

Khởi đầu huyền thoại trên trục đường tỷ đô của Đà thành

Giữa trung tâm sôi động nhất Đà Nẵng, nơi hội tụ dòng khách du lịch quốc tế, lễ hội pháo hoa D......  << Xem chi tiết >>"
🌿 CĂN HỘ HOÀNG ANH GIA LAI – KHÔNG GIAN SỐNG XANH GIỮA LÒNG THÀNH PHỐ,"Giá: 3,9 tỷ",Diện tích: 94 m²,"Đường Hàm Nghi,
                                    Phường Thanh Khê,
                                    Đà Nẵng",26 tầng,2 phòng ngủ,"Thông tin chi tiết:

Tầng cao – đón gió, ánh sáng tự nhiên cực tốt.

View trực diện công viên – thoáng đãng, không bị chắn.

Nội thất: cơ bản – tiện setup theo phong cách riêng.

🌟 Lợi thế vị trí:

Chỉ vài phú......  << Xem chi tiết >>"
"The Lumia Đà Nẵng 100m2 giá từ 5,9 tỷ/căn, xây sẵn 3 tầng 1 tum, ưu đãi đến 10%","Giá: 5,9 tỷ",Diện tích: 100 m²,"Đường số 5,
                                    ,
                                    Đà Nẵng",4 tầng,3 phòng ngủ,"Early Bird: Chiết khấu 2%
Khách hàng sở hữu từ 2 sản phẩm: Chiết khấu thêm 1%
Thanh toán sớm 70%: Chiết khấu 5%
Thanh toán sớm 95%: Chiết khấu lên đến 7%
Tổng ưu đãi lên đến 10%......  << Xem chi tiết >>"
[VIP1💎 ] TỔNG HỢP QUỸ CĂN 1–2–3PN VIEW SÔNG & BIỂN TẦNG CAO – EM MIN CHUYÊN DỰ ÁN MIA,"Giá: 2,6 tỷ",Diện tích: 67 m²,"Đường Ngô Thì Nhậm,
                                    Phường Hòa Khánh,
                                    Đà Nẵng",15 tầng,2 phòng ngủ,"🚀 Tiềm năng tăng giá mạnh mẽ
Sát siêu cảng Liên Chiểu – dự án chiến lược quốc gia, động lực tăng trưởng Tây Bắc Đà Nẵng
Gần khu thương mại tự do – đón dòng vốn FDI và chuyên gia quốc tế......  << Xem chi tiết >>"
[VIP1💎 ] TỔNG HỢP QUỸ CĂN 1–2–3PN VIEW SÔNG HÀN 360 ĐỘ – EM MIN CHUYÊN DỰ ÁN M-LANDMARK,Giá: 9 tỷ,Diện tích: 45 m²,"Đường Bạch Đằng,
                                    Phường Hải Châu,
                                    Đà Nẵng",39 tầng,1 phòng ngủ,"🌟 Em Min đánh giá cao M-Landmark:
Vị trí đầu cầu Rồng, trục sân bay → biển Mỹ Khê, trung tâm Đà Nẵng.
Pháp lý sở hữu lâu dài: giá trị bền vững, an cư & đầu tư.
Tiềm năngtừ dự án Trung tâm Tài chính......  << Xem chi tiết >>"
